{
    "$schema": "https://schema.management.azure.com/schemas/2019-04-01/deploymentTemplate.json#",
    "contentVersion": "1.0.0.0",
    "parameters": {
        "skuName": {
            "type": "string",
            "defaultValue": "F1",
            "allowedValues": [
                "F1",
                "D1",
                "B1",
                "B2",
                "B3",
                "S1",
                "S2",
                "S3",
                "P1",
                "P2",
                "P3",
                "P4"
            ],
            "metadata": {
                "description": "Describes plan's pricing tier and instance size. Check details at https://azure.microsoft.com/en-us/pricing/details/app-service/"
            }
        },
        "skuCapacity": {
            "type": "int",
            "defaultValue": 1,
            "maxValue": 3,
            "minValue": 1,
            "metadata": {
                "description": "Describes plan's instance count"
            }
        },
        "sqlAdministratorLogin": {
            "type": "string",
            "defaultValue": "appadmin",
            "metadata": {
                "description": "The admin user of the SQL Server"
            }
        },
        "sqlPassword": {
            "type": "secureString",
            "metadata": {
                "description": "The password of the admin user of the SQL Server"
            }
        },
        "location": {
            "type": "string",
            "defaultValue": "[resourceGroup().location]",
            "metadata": {
                "description": "Location for all resources."
            }
        }
    },
    "variables": {
        "hostingPlanName": "[format('{0}hosting', uniqueString(resourceGroup().id))]",
        "websiteName": "[format('{0}-service', uniqueString(resourceGroup().id))]",
        "sqlserverName": "[format('{0}-dbserver', uniqueString(resourceGroup().id))]",
        "databaseName": "quickstart"
    },
    "resources": [
        {
            "type": "Microsoft.Sql/servers",
            "apiVersion": "2021-02-01-preview",
            "name": "[variables('sqlserverName')]",
            "location": "[parameters('location')]",
            "properties": {
                "administratorLogin": "[parameters('sqlAdministratorLogin')]",
                "administratorLoginPassword": "[parameters('sqlPassword')]",
                "version": "12.0"
            }
        },
        {
            "type": "Microsoft.Sql/servers/databases",
            "apiVersion": "2021-02-01-preview",
            "name": "[format('{0}/{1}', variables('sqlserverName'), variables('databaseName'))]",
            "location": "[parameters('location')]",
            "sku": {
                "name": "Basic"
            },
            "properties": {
                "collation": "SQL_Latin1_General_CP1_CI_AS",
                "maxSizeBytes": 1073741824
            },
            "dependsOn": [
                "[resourceId('Microsoft.Sql/servers', variables('sqlserverName'))]"
            ]
        },
        {
            "type": "Microsoft.Sql/servers/firewallRules",
            "apiVersion": "2021-02-01-preview",
            "name": "[format('{0}/{1}', variables('sqlserverName'), 'AllowAllWindowsAzureIps')]",
            "properties": {
                "endIpAddress": "0.0.0.0",
                "startIpAddress": "0.0.0.0"
            },
            "dependsOn": [
                "[resourceId('Microsoft.Sql/servers', variables('sqlserverName'))]"
            ]
        },
        {
            "type": "Microsoft.Web/serverfarms",
            "apiVersion": "2021-03-01",
            "name": "[variables('hostingPlanName')]",
            "location": "[parameters('location')]",
            "tags": {
                "displayName": "HostingPlan"
            },
            "sku": {
                "name": "[parameters('skuName')]",
                "capacity": "[parameters('skuCapacity')]"
            },
            "properties": {
                "numberOfWorkers": 1
            }
        },
        {
            "type": "Microsoft.Web/sites",
            "apiVersion": "2021-03-01",
            "name": "[variables('websiteName')]",
            "location": "[parameters('location')]",
            "tags": {
                "[format('hidden-related:{0}', resourceId('Microsoft.Web/serverfarms', variables('hostingPlanName')))]": "empty",
                "displayName": "Website"
            },
            "properties": {
                "serverFarmId": "[resourceId('Microsoft.Web/serverfarms', variables('hostingPlanName'))]"
            },
            "dependsOn": [
                "[resourceId('Microsoft.Web/serverfarms', variables('hostingPlanName'))]"
            ]
        },
        {
            "type": "Microsoft.Web/sites/config",
            "apiVersion": "2021-03-01",
            "name": "[format('{0}/{1}', variables('websiteName'), 'connectionstrings')]",
            "properties": {
                "DefaultConnection": {
                    "value": "[format('Data Source=tcp:{0},1433;Initial Catalog={1};User Id={2}@{3};Password={4};', reference(resourceId('Microsoft.Sql/servers', variables('sqlserverName'))).fullyQualifiedDomainName, variables('databaseName'), parameters('sqlAdministratorLogin'), reference(resourceId('Microsoft.Sql/servers', variables('sqlserverName'))).fullyQualifiedDomainName, parameters('sqlPassword'))]",
                    "type": "SQLAzure"
                }
            },
            "dependsOn": [
                "[resourceId('Microsoft.Sql/servers', variables('sqlserverName'))]",
                "[resourceId('Microsoft.Web/sites', variables('websiteName'))]"
            ]            
        }      
    ],
    "outputs": {
        "backendUrl": {
            "type": "string",
            "value": "[concat('https://', variables('websiteName'), '.azurewebsites.net')]"
        },
        "sqlUsername": {
            "type": "string",
            "value": "[parameters('sqlAdministratorLogin')]"
        },
        "sqlPassword": {
            "type": "string",
            "value": "[parameters('sqlPassword')]"
        }
    }
}