{
    "$schema": "http://json.schemastore.org/template",
    "author": "Microsoft Corporation",
    "classifications": [ "Cloud", "Web", "Mobile", "WebAPI" ],
    "identity": "Microsoft.AspNetCore.Datasync.ServerTemplate.CSharp",
    "name": "ASP.NET Core Datasync Server",
    "shortName": "datasync-server",
    "sourceName": "Template.DatasyncServer",
    "preferNameDirectory": true,
    "tags": {
        "language": "C#",
        "type": "project"
    },
    "symbols": {
        "secretsGuid": {
            "type": "generated",
            "generator": "guid",
            "replaces": "{SECRETS-GUID}",
            "parameters": {
                "format": "D"
            }
        }
    }
}