<Project xmlns="http://schemas.microsoft.com/developer/msbuild/2003">
    <ItemGroup>
        <!-- ASP.NET Core Service SDK -->
        <FirstParty Include="Microsoft.AspNetCore.Datasync.dll"/>
        <FirstParty Include="Microsoft.AspNetCore.Datasync.EFCore.dll"/>
        <FirstParty Include="Microsoft.AspNetCore.Datasync.InMemory.dll"/>
        <FirstParty Include="Microsoft.AspNetCore.Datasync.LiteDb.dll"/>
        <FirstParty Include="Microsoft.AspNetCore.Datasync.Abstractions.dll"/>
        <FirstParty Include="Microsoft.AspNetCore.Datasync.Automapper.dll"/>
        
        <!-- Datasync Client SDK -->
        <FirstParty Include="Microsoft.Datasync.Client.dll"/>
        <FirstParty Include="Microsoft.Datasync.Client.SQLiteStore.dll"/>
        
        <!-- dotnet new template for the ASP.NET Core Service -->
        <FirstParty Include="Microsoft.AspNetCore.Datasync.Template.CSharp.dll"/>
    </ItemGroup>
</Project>
